EAN;Reference_Produit
3368950502584;"TLE014-T2
ANTHRACITE"
3368950503154;"TLE014-T2
VERT"
3368951447327;"SY16101-3 BLEU
SY1601-3"
3368951793431;TLS026
3368951801617;"LF266C
BLANC"
3368951805226;FNB-60-CLIP
3368951806414;RYUB3133
3368951881312;TLD042 TWO CUP HOLE VERT KAKI
3368951900723;"TLE014-T2
BLEU"
3368951900969;"TLE014-T2
ROUGE"
3368951940910;"QD101-3/6 
VERT KAKI"
3368951948657;"QD101-2-3/6
VERT KAKI"
3368952288080;TLB005-2X2
3368952900630;TLD042 TWO CUP HOLE GRIS
3368953506336;"DC-240112
BLEU"
3368953506374;AN-LF263T-13070
3368953508071;"ANF-LF265C
BLEU"
3368953508248;"ANF-LF265C
ROSE"
3368953508354;"LF266C
BLEU"
3368953508408;"LF266C 
ROSE"
3368953508583;"LF266C
NOIR"
3368953509443;"QD101-3/6 
BLEU"
3368953509955;"QD101-3/6 
ROSE"
3368953510036;"QD101-2-3/6
BLEU"
3368953510067;"QD101-2-3/6
ROSE"
3368953510425;"QD021-3/6
BLEU"
3368953510692;"QD021-3/6
ROSE"
3368953510913;"QD021-2,5-2,5/8
BLEU"
3368953511064;"QD021-2,5-2,5/8
ROSE"
3368953526402;"DC-240112
ROSE"
3368953546417;TLD042 TWO CUP HOLE BLEU
3368953546424;TLD042 TWO CUP HOLE ROSE
3368953590724;"GF-FC18014
GRIS"
3368953590731;"GF-FC18014
BLEU"
3368953590748;"GF-FC18014
ROSE"
3368953988125;RY9049S
3368953988163;"RY9022ST
ALUM TUBE"
3368953988231;YF-3592G
3368953990302;"DC-240112 
GRIS"
3368953990500;"ANF-LF265C
GRIS"
3368953990616;"LF266C
GRIS"
3368953990654;DT-240002
3368955209372;SL-FCA10654E/2
3368955593044;"SY-200-8
BLEU / ROUGE"
3368955593839;"QD101-3/6 
GRIS"
3368955594102;"QD101-2-3/6
GRIS"
3368955605501;"QD021-2,5-2,5/8 
GRIS"
3368955605556;"QD021-3/6
GRIS"
3368956217451;"TLD054-A
GRIS"
3368956217475;"TLD054-A
BLEU"
3368956286075;"TLD054-A
ROSE"
3368956286822;"TLD054-A
VERT"
3368956297361;"AC5775
GRIS"
3368956304908;2002.001
3368956317601;"AC5775
VERT"
3368956317700;SL-FRS0184J
3368956321349;RY7089S
3368956321684;GL3A-5095-721ZYBKD
3368956321691;0001.046
3368956322285;MYD2108S
3368956322391;E2255SET
3368956322599;"MYD2335S
Chang to back cushion"
3368956322674;"TLE029
VERT"
3368956322780;"TLE029
TERRACOTTA"
3368956322797;"RY8089T
 teak wood"
3368956323657;8667
3368956323695;HM2308T
3368956324463;"DC-240112
VERT"
3368956326177;"ANF-LF265C
VERT"
3368956326641;"LF266C
VERT"
3368956327402;"GF-FC18014
VERT"
3368956327471;AT5028-08
3368956327600;YF-3838
3368956327716;SL-GAA3819
3368956327730;QD402
3368956348599;GF-GP2003
3368956348612;QD452
3368956348629;"5047-34
GRIS"
3368956348704;GL3A-5555-51LKD
3368956351698;GL3A-5555-56KD
3368956504995;"5047-34
BLEU / VERT / ROSE"
3368958343462;25GS-51-N
3368959186839;0005.001
3368959186853;AC5407
3368959188482;GF-BM18001S
3368959188512;AC1170M (STEEL)
3368959188529;AC1170L (STEEL)
3368959188598;GF-FC18072
3368959189120;"TLD054-A
ROUGE"
3368959189236;TLD042 TWO CUP HOLE BLEU
3368959192755;0400.026
3368959192762;"TLD054-A
VERT"
3368959195053;AC1170I (STEEL)
3368959195459;GF-FC18062
3368959197125;AC5405
3368959197200;"TLD054-A
BLEU"
3368959198184;AC1170H (STEEL)
3368959203147;TLE030-CK
3368959203178;AT5669 SET
3368959204021;AT5047-90-N GRIS
3368959204038;AT5047-90-N VERT KAKI
3368959204243;AT5047-90-N ROUGE
3368959212118;LF287C GRIS
3368959214273;LF287C BLEU
3368959217106;LF287C VERT KAKI
3368959218042;LF287C ROUGE
3368959218080;LF287C NOIR
3368959218271;LF287C BLANC
3368959218769;AT6164
3368959219742;2024-112-3
3368959220045;7022HT
3368959220151;OAS-G-034
3368959221981;OAS-G-031
3368959225071;PC-616
3368959225309;RS01
3368959226115;AT5047-90 GRIS
3368959226474;AT5047-90 VERT KAKI
3368959226504;AT5047-90 ROUGE
3368959227990;LF290C GRIS
3368959234752;LF290C BLEU
3368959240302;LF290C ROUGE
3368959243891;LF290C VERT KAKI
3368959255016;LF291C
3368959269877;GF-TCLZ19018R3
3368959281411;GL3AQ-1391367-140ZYB
3368959281664;GLAE-39832-1368KD
3368959281954;SM240907013
3368959282159;738HT
3368959284863;"DC-240112
BLEU NV"
3368959290116;"DC-240112
ROUGE"
3368959296460;"DC-240112
VERT KAKI"
3368959297580;"ANF-LF265C
BLEU NV"
3368959298006;"ANF-LF265C
ROUGE"
3368959298099;"ANF-LF265C
VERT KAKI"
3368959299010;0300.001 GRIS
3368959300969;0300.001 ROUGE
3368959308521;0300.001 VERT KAKI
3368959308538;L6303T GRIS
3368959308637;L6303T VERT KAKI
3368959309207;L6303T ROUGE
3368959310234;GF-TCLZ19062
3368959310692;HY-G008B4
3368959310791;PC-416
3368959311101;PC-516
3368959396931;QD411
3368959398492;OAS-G-032
3368959405077;"QD021-3/6
VERT KAKI"
3368959405107;"QD021-3/6
ROUGE"
3368959405282;"QD021-2,5-2,5/8
VERT KAKI"
3368959405299;"QD021-2,5-2,5/8
ROUGE"
3368959405305;0300.001 BLEU
3368959405350;TLF174-A
3368959408382;BN-CART0015
3368959416899;"QD101-2-3/6
BLEU"
3368959417346;GF-GP18025
3368959418251;"QD101-2-3/6
ROUGE"
3368959418268;"QD101-3/6 
BLEU"
3368959418275;"QD101-3/6 
ROUGE"
3368959439041;NFC00813D
3368959451838;"TLE029
GRIS"
3700442004938;FW19101
3700442005423;HF19398
3700442006369;5104
3700442011271;16324-252
3700442011301;DF64474
3700442011318;DF62977
3700442011400;DF64548
3700442012001;"TL09_609 
AB09-609"
3700442012841;HEY-08-400
3700442013299;A09878-1
3700442013633;GS-TT-3003
3700442013671;R-BG-1008
3700442015668;HEY-01-600A
3700442015675;HEY-WN001
3700442015682;HEY-WN008
3700442015699;HEY-WN007
3700442015811;HEY-WN002
3700442015842;HEY-01-002-2
3700442015859;HEY-01-002-24
3700442015873;HEY-01-068
3700442016009;G800-SOLT0005DMDV1-A
3700442016702;LT0010D-9V0.9W-O
3700442016719;LM0010D-9V0.9W-O
3700442017372;GSTTS3306
3700442017402;GSBSD4
3700442017501;64512
3700442017556;HF6001BK/CN
3700442017617;R-SG-P008
3700442017631;R-SG-R006-1
3700442018409;EM-T001
3700442018478;B32198-P
3700442018508;R-PCH-021
3700442018515;"WMG50268
(19020)"
3700442018621;Z04825
3700442018812;JYC23002A
3700442018867;HM23-63005M-AB
3700442018881;DF65878
3700442018911;LED-120-31V6W-C
3700442018928;DF65875
3700442018942;SC-125*30-STOBAG/TREE
3700442018966;DF66479
3700442018973;DF66486
3700442019130;G487-LED-200-4.5V3.6W-T
3700442019154;TS2024
3700442019215;YS16005-1/2
3700442019680;DF65006A
3700442019826;JQ-DT098
3700442019901;KBZQ-221220
3700442020341;HM23-63004M-AB
3700442020617;B20939-5
3700442020624;JY-WV001
3700442020808;TSM012-A
3700442020846;PERGOLAS ASOLO 3x3,6 ENTREPOT
3700442020853;SET RIDEAUX / MOUSTIQUAIRE ASOLO
3700442020914;ANF-D-4712
3700442020938;25GS-00-N
3700442021058;"HWS397WRF-V8
(HWS397WRF-V12)"
3700442021065;GKS123013
3700442021102;GSTS1000-27
3700442021119;S1539
3700442021188;HF3040YE
3700442021195;BBP-0103
3700442021225;PR2152-2
3700442021249;PR2129-1
3700442021256;PR0857
3700442021294;R-SG-R007
3700442021386;MTC3006
3700442021393;KL-YD006
3700442021416;E05385-3
3700442021607;L10
3700442021706;"08205PS
(08205)"
3700442021713;03787
3700442022246;HEY-10-203B
3700442022253;HM24-10009AB
3700442022314;SC51*34-STOBAG/130X-2
3700442022321;LED-264-D
3700442022376;HEY-WN066
3700442022406;HEY-08-096
3700442022420;DF66778
3700442022437;G370-LED-20-BO / ASS
3700442022444;LED-60-BO
3700442022475;S330-XRU070MW1X730
3700442022512;WTL-23-005
3700442022536;DF63569
3700442022543;YD-19A0055
3700442022550;GK230921B
3700442022581;GK23CK010
3700442022604;SC-60-SA
3700442022611;HM24-10006AB
3700442022628;YD-2023SET13-KR
3700442022635;HM24-10008AB
3700442022659;BH2023
3700442022666;U015442
3700442022680;U015442-25
3700442022697;NST-XT(L)
3700442022765;HR-13124
3700442022994;G360-IP-20-BO（S）
3700442023717;FZC23183
3700442023748;"S300-XRG060EN2X500N
(S115-XRG060EN2X500N
S10-XRG060EN2X500N)"
3700442023816;"S205-XRM015CY1X39AL-G
(S118-XRM015CY1X39AL-G
(S14-XRM015CY1X39AL-G)"
3700442023823;S310-XRU060DA2X325
3700442023830;"S340-XRG075CA4X2514
(S120-XRG075CA4X2514
S25-XRG075CA4X2514)"
3700442023847;"S350-XRG070MV2X720AL
(S111-XRG070MV2X720AL
(S28-XRG070MV2X720AL)"
3700442023854;"S290-U060CA2FX553
(S106-U060CA2FX553
S9-U060CA2FX553)"
3700442023861;"S260- XRG050MV2X404
(S114- XRG050MV2X404
S8- XRG050MV2X404)"
3700442023892;"S221-XRFB026CB2X80BL
(S102-XRFB026CB2X80BL
S13-XRFB026CB2X80BL)"
3700442023908;"S220-XRFB026CB2X80G
(S100-XRFB026CB2X80G
S12-XRFB026CB2X80G)"
3700442023915;"S210-XRM020CA2X70
(S119-XRM020CA2X70
S21-XRM020CA2X70)"
3700442023922;W05A
3700442023977;HM24-10008AB-2
3700442024332;KB45-245101A-30x22
3700442024752;16670 / HF100
3700442024776;16632 / AJ192-1DT
3700442024783;16680 / 128A-1
3700442024813;ZB2023P08
3700442024905;T2389
3700442024912;T2386-1
3700442024929;SE-21T
3700442024936;FNB-003
3700442024950;SF-010319026
3700442024967;GF-FIN18040
3700442024981;KMT001-T
3700442024998;KMT001-C
3700442025018;SY-Z3241
3700442025025;FNB-240-04p
3700442025049;FNB-180-01P-SILVER COATING
3700442025056;BAR001
3700442025063;BB1107
3700442025070;BB1214
3700442025087;BB1223
3700442025100;MAMASAN
3700442025117;PAPASAN
3700442025124;BB1203
3700442025131;BB1207
3700442025148;BB1206
3700442025155;BB1213
3700442025162;11678
3700442025179;FH02
3700442025186;12176 ACACIA
3700442025230;"19HSA
/
CF24KF01"
3700442025247;CF2311KF11
3700442025261;"SL-FRS0041F2
(SL-FRS0041F-1)"
3700442025292;TBL-EXT AUTO 180/240
3700442025308;TBL-EXT/W AUTO 180/240
3700442025339;"KT24-02
(KT24-07)"
3700442025346;BLAINVILLE 3X4 A/A
3700442025353;BLAINVILLE 3X4 A/B
3700442025360;STORE BLAINVILLE 3M
3700442025377;STORE BLAINVILLE 4M
3700442025384;GF-GP2002-1
3700442025391;GF-GP2002-2
3700442025438;LB-Y401
3700442025469;"ALU ARMCHAIR 2 
(LF270C BLACK)"
3700442025476;"ALU ARMCHAIR 2 
(LF270C WHITE)"
3700442025506;PN586UTPEA
3700442025513;QD058 GRIS
3700442025520;QD058 BLEU
3700442025537;QD058 ROSE
3700442025544;QD058 VERT
3700442025582;"HDL1410
(BH6099)"
3700442025599;YY72-ZH
3700442025612;RH001
3700442025629;RH002
3700442025650;"PR1192
PR2152"
3700442025667;16642 / ZY116-1
3700442025674;WW542
3700442025681;65913
3700442025698;65911
3700442025704;GSSTS10
3700442025711;69441
3700442025728;GSST
3700442025735;"YSE-B
ST04899"
3700442025742;"PN585UTPEA 
MANDARINE VIOLETTE"
3700442025759;PN585UTPEA BLEU VERT
3700442025797;SE-23.5T
3700442025803;WBR001 3L
3700442025872;"TLD076-P
GRIS"
3700442025889;TLD076-P BLEU
3700442025896;TLD076-P ROSE
3700442025902;TLD076-P VERT
3700442025919;RYUB2306
3700442025957;TN802-BL
3700442026008;HL-24830
3700442026015;YS2582T
3700442026022;YS2123
3700442026039;SD-5806
3700442026046;DC-156
3700442026060;A06586
3700442026077;48567
3700442026084;TN802-GREY
3700442026091;TN801-BL
3700442026107;TN801-GREY
3700442026220;DF67620A
3700442026237;DF67665A
3700442026244;DF67261
3700442026268;JYC24066N-3N
3700442026275;G610 -DTB-24-001
3700442026282;G612-DTB-24-003
3700442026343;G630-SOL0138DM-DEER
3700442026367;G631-SOL0180DM-TREE
3700442026374;HF-DC1007
3700442026381;"DJERBA VELOURS COTELE
MARRON
(realité beige)"
3700442026398;YT232132
3700442026404;MN002 (MN005) / MN003 / MN004
3700442026428;DT-235
3700442026435;SL202439 -2
3700442026442;SL202439 -3
3700442026459;SL202439 -4
3700442026466;JY2305
3700442026473;BA2274
3700442026480;BA2474-9L
3700442026497;Underbed 70L
3700442026503;DF67371
3700442026510;DF67189
3700442026527;DF67140
3700442026534;DF65949A
3700442026541;S305-XRG070VX2174PEN
3700442026558;S265-XRU060VM420
3700442026565;S335-XRG070VM2859PE
3700442026572;VL-TRC-60-N
3700442026589;BL-8247
3700442026596;BC01S
3700442026602;HD9071
3700442026619;"EM-D003W
(EC-D003W)"
3700442026626;KB190-5112B-C
3700442026633;KBFXB-525
3700442026688;SL-02412
3700442026725;TF93452
3700442026732;TF9341
3700442026749;TF8779
3700442026756;TF11410
3700442026763;TEA-018
3700442026770;TEA-019
3700442026787;JYC 25278-40G
3700442026794;HM2498008AB-40B-G
3700442027111;SL202414WS
3700442027142;SL202427
3700442027203;12F8A
3700442027210;MC24010
3700442027258;24YY04-SDBL
3700442027326;CD-23180
3700442027333;CD-23179A
3700442027340;CD-24151
3700442027371;FHR24-081
3700442027388;TOQ2449
3700442027487;DC-1528-L
3700442027630;TG7601007-1.5L
3700442027647;TG7602001
3700442027654;JY-JH2505
3700442027661;JY-JH2501
3700442027678;JY-JH2503
3700442027685;JY-JH2502X (KB108-7520)
3700442027692;ONGS078
3700442027708;ONGS083
3700442027715;JXRH2310
3700442027722;110G-2503
3700442027739;HDL1648
3700442027746;110G-2505
3700442027753;110G1-2513
3700442027760;110G1-2514 MULTICOLOR
3700442027777;"110G1-2514
WARM WHITE"
3700442027814;TLD076-P BLEU
3700442027821;TLD076-P ROUGE
3700442027838;GF-PT18001
3700442027845;TLD076-P VERT KAKI
3700442027852;"21211ST-PW
GRIS"
3700442027869;"21211ST-PW
TERRACOTTA"
3700442027876;"21211ST-PW
VERT KAKI"
3700442027890;PS24S-02
3700442027906;24551-SET4KD GRIS
3700442027913;ABD-SFKD268WD
3700442027920;"24551DA-SET7
VERT KAKI"
3700442027937;"24551DA-SET7
GRIS ANTHRACITE"
3700442027944;TP3158.7
3700442027951;TP3159.6
3700442027968;TP8172.5
3700442027975;YT01-019
3700442027982;Pizza box A
3700442027999;CST02
3700442028019;"ST25L-140
Annex room"
3700442028026;ST19-2
3700442028033;DISPLAY-KD
3700442028040;BJ01
3700442028057;DW001 155X63
3700442028064;DW001 147X86
3700442028071;1404.009
3700442028088;1404.100
3700442028095;1404.000
3700442028101;0002.005
3700442028118;QD058 BLEU
3700442028125;QD058 ROUGE
3700442028132;QD058 VERT KAKI
3700442028170;NFC00813D-CURTAIN/RAIL
3700442028187;NFC00813D-KDFENCE
3700442028194;ST25L-140
3700442028200;B0353B 3L BAMBOO
3700442028217;B0353 3L
3700442028224;W7008A-4
3700442028231;SH08
3700442028583;FHR24-080
3700442028590;FHR24-087
3700442028606;FHR24-088
3700442028613;FHR24-091
3700442028620;FHR24-093
3700442028637;FHR24-096
3700442028644;FHR24-094
3700442028651;FHR24-097
3700442028668;FL-26900
3700442028682;"988-822A2
(2301)"
3700442028699;AP-500
3700442028705;"SJZ01-06-B2
(CD-24214)"
3700442028729;TP-VA4U8E-PD
3700442028743;HM268801AB
3700442028750;MN2405191-14
3700442028767;OY018-24450Y
3700442028774;FHR25-027
3700442028781;FHR25-030
3700442028798;FHR25-029
3700442028804;FHR25-025
3700442028811;FHR25-024
3700442028828;FHR25-021
3700442028835;FHR25-020
3700442028842;XXY0091CA-WKD
3700442028859;SLD202507232-SET
3700442028873;FLD-27001-CD2302-5
3700442028880;DC-1528-L-CD2302-5
3700442028897;YS2657
3700442028903;SL202439 -4 WHITE
3700442028910;SL202439 -3 WHITE
3700442028927;SL202439 -2 WHITE
3700442028934;FLD-27001-CD2302-10
3700442028941;PL-0438F-WHITE
3700442028958;KB-251114
3700442028965;KB-251115
3700442028972;"HF25286
(KB-251210)"
3700442028989;KB-251113
3700442028996;KB-251112
3700442029009;PL-0438F-BLACK
3700442029016;LED-3JZDT-10RY
3700442029030;6AB250079
3700442029047;6AB250077
3700442029054;L1632A
3700442029061;KB235-250827
3700442029078;HEY-HB005-10
3700442029085;HEY-HB004
3700442029092;BL3653
3700442029108;FHR25-022
3700442029115;FHR25-023
3700442029122;DZ25B0082-B01
3700442029139;FLD-27001-CD2302-3
3700442029153;CE180E BLACK
3700442029184;JYC 25323M
3700442029290;HM983601
3700442029337;G378-ZD26-LED-7-BO-1
3700442029351;G476-LT1500V2-24V9W-O
3700442029375;HEY-OS002
3700442029412;G570-ZD26-LED-120-30V3.6W
3700442029443;ZD26-LED-192-4.5V1.8W
3700442029450;07918C8B
3700442029467;DW10053
3700442029474;WH115242
3700442029504;31106
3700442029566;G590-NSDK-002(RMT)
3700442029573;G588-ZD26-MIC-224-12V3.6W
3700442029627;G572-MML-24-007
3700442029634;G200-BDT040DM
3700442029658;ZD26-LED-371-4.5V3.6W
3700442029689;G814-30207-ABC
3700442029702;GD2025HS
3700442029719;D1809-20
3700442029788;WH150193
3700442029795;WH149766
3700442029801;GKXMAS0803
3700442029818;WS-013
3700442029849;ZD26-LED-8-BO
3700442029856;KHQS-0018
3700442029986;M001600
3700442030197;DF68465
3700442030210;DF68505
3700442030227;DF68504
3700442030241;DF68208
3700442030289;DF68352A
3700442030296;DF68482
3700442030302;DF68446
3700442030333;DF68281
3700442030340;DF68476
3700442030357;DF68377
3700442030364;DF67977
3700442030371;DF68376
3700442030388;DF67647
3700442030418;B17040
3700442030425;B17036
3700442030449;KB-XMAS2508030
3700442030456;DF65073-ASS
3700442085319;WJ100
3700442087382;HF3008
3700442087467;D1
